{"cameraMode":{"drawMode":0,"name":"Shaded","section":"Shading Mode"},"sceneLighting":true,"audioPlay":false,"sceneViewState":{"showFog":true,"showMaterialUpdate":false,"showSkybox":true,"showFlares":true,"showImageEffects":true,"showParticleSystems":true},"in2DMode":false,"pivot":{"x":771.2235107421875,"y":374.34503173828127,"z":0.5},"rotation":{"x":0.010491199791431427,"y":0.04048670083284378,"z":0.0004251260543242097,"w":-0.9991249442100525},"size":1272.53955078125,"orthographic":true}